gene,lookup_id,status,mapping_type,entrez_id,symbol,candidate_entrez_ids,in_background
58,58,mapped,Entrez,58,ACTA1,58,True
328,328,mapped,Entrez,328,APEX1,328,True
1108,1108,mapped,Entrez,1108,CHD4,1108,True
1137,1137,mapped,Entrez,1137,CHRNA4,1137,True
1408,1408,mapped,Entrez,1408,CRY2,1408,True
1643,1643,mapped,Entrez,1643,DDB2,1643,True
1647,1647,mapped,Entrez,1647,GADD45A,1647,True
1763,1763,mapped,Entrez,1763,DNA2,1763,True
2067,2067,mapped,Entrez,2067,ERCC1,2067,True
2072,2072,mapped,Entrez,2072,ERCC4,2072,True
2073,2073,mapped,Entrez,2073,ERCC5,2073,True
2074,2074,mapped,Entrez,2074,ERCC6,2074,True
2138,2138,mapped,Entrez,2138,EYA1,2138,True
2967,2967,mapped,Entrez,2967,GTF2H3,2967,True
2968,2968,mapped,Entrez,2968,GTF2H4,2968,True
3146,3146,mapped,Entrez,3146,HMGB1,3146,True
4068,4068,mapped,Entrez,4068,SH2D1A,4068,True
4171,4171,mapped,Entrez,4171,MCM2,4171,True
4438,4438,mapped,Entrez,4438,MSH4,4438,True
4683,4683,mapped,Entrez,4683,NBN,4683,True
4792,4792,mapped,Entrez,4792,NFKBIA,4792,True
4869,4869,mapped,Entrez,4869,NPM1,4869,True
5378,5378,mapped,Entrez,5378,PMS1,5378,True
5426,5426,mapped,Entrez,5426,POLE,5426,True
5429,5429,mapped,Entrez,5429,POLH,5429,True
5438,5438,mapped,Entrez,5438,POLR2I,5438,True
5688,5688,mapped,Entrez,5688,PSMA7,5688,True
5692,5692,mapped,Entrez,5692,PSMB4,5692,True
5706,5706,mapped,Entrez,5706,PSMC6,5706,True
5810,5810,mapped,Entrez,5810,RAD1,5810,True
5889,5889,mapped,Entrez,5889,RAD51C,5889,True
5932,5932,mapped,Entrez,5932,RBBP8,5932,True
5980,5980,mapped,Entrez,5980,REV3L,5980,True
5982,5982,mapped,Entrez,5982,RFC2,5982,True
6091,6091,mapped,Entrez,6091,ROBO1,6091,True
6119,6119,mapped,Entrez,6119,RPA3,6119,True
6418,6418,mapped,Entrez,6418,SET,6418,True
6421,6421,mapped,Entrez,6421,SFPQ,6421,True
6861,6861,mapped,Entrez,6861,SYT5,6861,True
7320,7320,mapped,Entrez,7320,UBE2B,7320,True
7486,7486,mapped,Entrez,7486,WRN,7486,True
8091,8091,mapped,Entrez,8091,HMGA2,8091,True
8505,8505,mapped,Entrez,8505,PARG,8505,True
9112,9112,mapped,Entrez,9112,MTA1,9112,True
9149,9149,mapped,Entrez,9149,DYRK1B,9149,True
9306,9306,mapped,Entrez,9306,SOCS6,9306,True
9325,9325,mapped,Entrez,9325,TRIP4,9325,True
9401,9401,mapped,Entrez,9401,RECQL4,9401,True
9874,9874,mapped,Entrez,9874,TLK1,9874,True
9985,9985,mapped,Entrez,9985,REC8,9985,True
10039,10039,mapped,Entrez,10039,PARP3,10039,True
10463,10463,mapped,Entrez,10463,SLC30A9,10463,True
10535,10535,mapped,Entrez,10535,RNASEH2A,10535,True
10856,10856,mapped,Entrez,10856,RUVBL2,10856,True
11034,11034,mapped,Entrez,11034,DSTN,11034,True
11044,11044,mapped,Entrez,11044,TENT4A,11044,True
11069,11069,mapped,Entrez,11069,RAPGEF4,11069,True
11073,11073,mapped,Entrez,11073,TOPBP1,11073,True
11144,11144,mapped,Entrez,11144,DMC1,11144,True
11169,11169,mapped,Entrez,11169,WDHD1,11169,True
22992,22992,mapped,Entrez,22992,KDM2A,22992,True
23126,23126,mapped,Entrez,23126,POGZ,23126,True
23174,23174,mapped,Entrez,23174,ZCCHC14,23174,True
25788,25788,mapped,Entrez,25788,RAD54B,25788,True
25836,25836,mapped,Entrez,25836,NIPBL,25836,True
25988,25988,mapped,Entrez,25988,HINFP,25988,True
26033,26033,mapped,Entrez,26033,ATRNL1,26033,True
27301,27301,mapped,Entrez,27301,APEX2,27301,True
27339,27339,mapped,Entrez,27339,PRPF19,27339,True
29890,29890,mapped,Entrez,29890,RBM15B,29890,True
29997,29997,mapped,Entrez,29997,NOP53,29997,True
30849,30849,mapped,Entrez,30849,PIK3R4,30849,True
51366,51366,mapped,Entrez,51366,UBR5,51366,True
51750,51750,mapped,Entrez,51750,RTEL1,51750,True
54778,54778,mapped,Entrez,54778,RNF111,54778,True
54780,54780,mapped,Entrez,54780,NSMCE4A,54780,True
54821,54821,mapped,Entrez,54821,ERCC6L,54821,True
54840,54840,mapped,Entrez,54840,APTX,54840,True
55120,55120,mapped,Entrez,55120,FANCL,55120,True
55159,55159,mapped,Entrez,55159,RFWD3,55159,True
55170,55170,mapped,Entrez,55170,PRMT6,55170,True
55317,55317,mapped,Entrez,55317,AP5S1,55317,True
55732,55732,mapped,Entrez,55732,FIRRM,55732,True
55734,55734,mapped,Entrez,55734,ZFP64,55734,True
56160,56160,mapped,Entrez,56160,NSMCE3,56160,True
56262,56262,mapped,Entrez,56262,LRRC8A,56262,True
58493,58493,mapped,Entrez,58493,INIP,58493,True
64859,64859,mapped,Entrez,64859,NABP1,64859,True
78996,78996,mapped,Entrez,78996,CYREN,78996,True
79621,79621,mapped,Entrez,79621,RNASEH2B,79621,True
80010,80010,mapped,Entrez,80010,RMI1,80010,True
81570,81570,mapped,Entrez,81570,CLPB,81570,True
83695,83695,mapped,Entrez,83695,RHNO1,83695,True
83932,83932,mapped,Entrez,83932,SPRTN,83932,True
84083,84083,mapped,Entrez,84083,ZRANB3,84083,True
84464,84464,mapped,Entrez,84464,SLX4,84464,True
84787,84787,mapped,Entrez,84787,KMT5C,84787,True
84954,84954,mapped,Entrez,84954,MPND,84954,True
85015,85015,mapped,Entrez,85015,USP45,85015,True
85352,85352,mapped,Entrez,85352,SHISAL1,85352,True
90557,90557,mapped,Entrez,90557,CCDC74A,90557,True
92667,92667,mapped,Entrez,92667,MGME1,92667,True
92815,92815,mapped,Entrez,92815,H2AC25,92815,True
94056,94056,mapped,Entrez,94056,SYAP1,94056,True
120863,120863,mapped,Entrez,120863,DEPDC4,120863,True
126549,126549,mapped,Entrez,126549,ANKLE1,126549,True
127002,127002,mapped,Entrez,127002,ATXN7L2,127002,True
151636,151636,mapped,Entrez,151636,DTX3L,151636,True
165918,165918,mapped,Entrez,165918,RNF168,165918,True
200558,200558,mapped,Entrez,200558,APLF,200558,True
219875,219875,mapped,Entrez,219875,OR4D5,219875,True
221120,221120,mapped,Entrez,221120,ALKBH3,221120,True
254394,254394,mapped,Entrez,254394,MCM9,254394,True
254528,254528,mapped,Entrez,254528,MEIOB,254528,True
342908,342908,mapped,Entrez,342908,ZNF404,342908,True
374864,374864,mapped,Entrez,374864,CCDC178,374864,True
375748,375748,mapped,Entrez,375748,ERCC6L2,375748,True
388536,388536,mapped,Entrez,388536,ZNF790,388536,True
728340,728340,mapped,Entrez,728340,GTF2H2C,728340,True
100133053,100133053,mapped,Entrez,100133053,CXorf51B,100133053,True
