gene,lookup_id,status,mapping_type,entrez_id,symbol,candidate_entrez_ids,in_background,exclusion_reason
306,306,mapped,Entrez,306,ANXA3,306,True,
463,463,mapped,Entrez,463,ZFHX3,463,True,
566,566,mapped,Entrez,566,AZU1,566,True,
640,640,mapped,Entrez,640,BLK,640,True,
671,671,mapped,Entrez,671,BPI,671,True,
713,713,mapped,Entrez,713,C1QB,713,True,
728,728,mapped,Entrez,728,C5AR1,728,True,
867,867,mapped,Entrez,867,CBL,867,True,
972,972,mapped,Entrez,972,CD74,972,True,
1051,1051,mapped,Entrez,1051,CEBPB,1051,True,
1326,1326,mapped,Entrez,1326,MAP3K8,1326,True,
1493,1493,mapped,Entrez,1493,CTLA4,1493,True,
1521,1521,mapped,Entrez,1521,CTSW,1521,True,
1776,1776,mapped,Entrez,1776,DNASE1L3,1776,True,
1967,1967,mapped,Entrez,1967,EIF2B1,1967,True,
2674,2674,mapped,Entrez,2674,GFRA1,2674,True,
2794,2794,mapped,Entrez,2794,GNL1,2794,True,
2896,2896,mapped,Entrez,2896,GRN,2896,True,
3045,3045,mapped,Entrez,3045,HBD,3045,True,
3119,3119,mapped,Entrez,3119,HLA-DQB1,3119,True,
3559,3559,mapped,Entrez,3559,IL2RA,3559,True,
3572,3572,mapped,Entrez,3572,IL6ST,3572,True,
3603,3603,mapped,Entrez,3603,IL16,3603,True,
3623,3623,mapped,Entrez,3623,INHA,3623,True,
3630,3630,mapped,Entrez,3630,INS,3630,True,
3676,3676,mapped,Entrez,3676,ITGA4,3676,True,
3806,3806,mapped,Entrez,3806,KIR2DS1,3806,True,
4261,4261,mapped,Entrez,4261,CIITA,4261,True,
4345,4345,mapped,Entrez,4345,CD200,4345,True,
4690,4690,mapped,Entrez,4690,NCK1,4690,True,
4775,4775,mapped,Entrez,4775,NFATC3,4775,True,
4792,4792,mapped,Entrez,4792,NFKBIA,4792,True,
5133,5133,mapped,Entrez,5133,PDCD1,5133,True,
5142,5142,mapped,Entrez,5142,PDE4B,5142,True,
5175,5175,mapped,Entrez,5175,PECAM1,5175,True,
5266,5266,mapped,Entrez,5266,PI3,5266,True,
5292,5292,mapped,Entrez,5292,PIM1,5292,True,
5298,5298,mapped,Entrez,5298,PI4KB,5298,True,
5468,5468,mapped,Entrez,5468,PPARG,5468,True,
5595,5595,mapped,Entrez,5595,MAPK3,5595,True,
5692,5692,mapped,Entrez,5692,PSMB4,5692,True,
5724,5724,mapped,Entrez,5724,PTAFR,5724,True,
5806,5806,mapped,Entrez,5806,PTX3,5806,True,
5909,5909,mapped,Entrez,5909,RAP1GAP,5909,True,
5987,5987,mapped,Entrez,5987,TRIM27,5987,True,
6038,6038,mapped,Entrez,6038,RNASE4,6038,True,
6376,6376,mapped,Entrez,6376,CX3CL1,6376,True,
6404,6404,mapped,Entrez,6404,SELPLG,6404,True,
6421,6421,mapped,Entrez,6421,SFPQ,6421,True,
6838,6838,mapped,Entrez,6838,SURF6,6838,True,
7098,7098,mapped,Entrez,7098,TLR3,7098,True,
7186,7186,mapped,Entrez,7186,TRAF2,7186,True,
7551,7551,mapped,Entrez,7551,ZNF3,7551,True,
7554,7554,mapped,Entrez,7554,ZNF8,7554,True,
8342,8342,mapped,Entrez,8342,H2BC14,8342,True,
8575,8575,mapped,Entrez,8575,PRKRA,8575,True,
8698,8698,mapped,Entrez,8698,S1PR4,8698,True,
8741,8741,mapped,Entrez,8741,TNFSF13,8741,True,
8818,8818,mapped,Entrez,8818,DPM2,8818,True,
8995,8995,mapped,Entrez,8995,TNFSF18,8995,True,
9021,9021,mapped,Entrez,9021,SOCS3,9021,True,
9533,9533,mapped,Entrez,9533,POLR1C,9533,True,
9770,9770,mapped,Entrez,9770,RASSF2,9770,True,
10107,10107,mapped,Entrez,10107,TRIM10,10107,True,
10148,10148,mapped,Entrez,10148,EBI3,10148,True,
10321,10321,mapped,Entrez,10321,CRISP3,10321,True,
10385,10385,mapped,Entrez,10385,BTN2A2,10385,True,
10603,10603,mapped,Entrez,10603,SH2B2,10603,True,
10739,10739,mapped,Entrez,10739,RFPL2,10739,True,
10743,10743,mapped,Entrez,10743,RAI1,10743,True,
10890,10890,mapped,Entrez,10890,RAB10,10890,True,
23376,23376,mapped,Entrez,23376,UFL1,23376,True,
25926,25926,mapped,Entrez,25926,NOL11,25926,True,
26472,26472,mapped,Entrez,26472,PPP1R14B,26472,True,
27347,27347,mapped,Entrez,27347,STK39,27347,True,
29110,29110,mapped,Entrez,29110,TBK1,29110,True,
30835,30835,mapped,Entrez,30835,CD209,30835,True,
51010,51010,mapped,Entrez,51010,EXOSC3,51010,True,
51290,51290,mapped,Entrez,51290,ERGIC2,51290,True,
51561,51561,mapped,Entrez,51561,IL23A,51561,True,
51752,51752,mapped,Entrez,51752,ERAP1,51752,True,
55863,55863,mapped,Entrez,55863,TMEM126B,55863,True,
56342,56342,mapped,Entrez,56342,PPAN,56342,True,
57007,57007,mapped,Entrez,57007,ACKR3,57007,True,
60489,60489,mapped,Entrez,60489,APOBEC3G,60489,True,
64005,64005,mapped,Entrez,64005,MYO1G,64005,True,
64218,64218,mapped,Entrez,64218,SEMA4A,64218,True,
79269,79269,mapped,Entrez,79269,DCAF10,79269,True,
79807,79807,mapped,Entrez,79807,GSTCD,79807,True,
79908,79908,mapped,Entrez,79908,BTNL8,79908,True,
84694,84694,mapped,Entrez,84694,GJA10,84694,True,
84868,84868,mapped,Entrez,84868,HAVCR2,84868,True,
84929,84929,mapped,Entrez,84929,FIBCD1,84929,True,
85480,85480,mapped,Entrez,85480,TSLP,85480,True,
90987,90987,mapped,Entrez,90987,ZNF251,90987,True,
96459,96459,mapped,Entrez,96459,FNIP1,96459,True,
113230,113230,mapped,Entrez,113230,MISP3,113230,True,
114836,114836,mapped,Entrez,114836,SLAMF6,114836,True,
115350,115350,mapped,Entrez,115350,FCRL1,115350,True,
115362,115362,mapped,Entrez,115362,GBP5,115362,True,
115727,115727,mapped,Entrez,115727,RASGRP4,115727,True,
118460,118460,mapped,Entrez,118460,EXOSC6,118460,True,
124411,124411,mapped,Entrez,124411,KRABD5,124411,True,
130120,130120,mapped,Entrez,130120,REG3G,130120,True,
134266,134266,mapped,Entrez,134266,GRPEL2,134266,True,
146850,146850,mapped,Entrez,146850,PIK3R6,146850,True,
149628,149628,mapped,Entrez,149628,PYHIN1,149628,True,
165918,165918,mapped,Entrez,165918,RNF168,165918,True,
169026,169026,mapped,Entrez,169026,SLC30A8,169026,True,
203522,203522,mapped,Entrez,203522,INTS6L,203522,True,
256987,256987,mapped,Entrez,256987,SERINC5,256987,True,
259239,259239,mapped,Entrez,259239,WFDC11,259239,True,
338398,338398,mapped,Entrez,338398,TAS2R60,338398,True,
344167,344167,mapped,Entrez,344167,FOXI3,344167,True,
388552,388552,mapped,Entrez,388552,BLOC1S3,388552,True,
390265,390265,mapped,Entrez,390265,OR10G7,390265,True,
441521,441521,mapped,Entrez,441521,CT45A5,441521,True,
692094,692094,mapped,Entrez,692094,MSMP,692094,True,
117134596,117134596,mapped,Entrez,117134596,FAM246C,117134596,True,
124902602,124902602,mapped,Entrez,124902602,LOC124902602,124902602,True,
