list,source,GO_ID,description,p_value,p_adjust_BH,significant,Count,query_size,background_term_size,effective_background_size,GeneRatio,BgRatio,FoldEnrichment,overlap_entrez_ids,overlap_input_ids
immune_biased,BP,GO:0002376,immune system process,1.1009888028885188e-70,3.138919077035167e-67,True,90,120,541,6000,0.75,0.09016666666666667,8.317929759704251,306;566;640;671;713;728;867;972;1051;1326;1493;1521;1776;1967;2794;2896;3045;3119;3559;3572;3603;3623;3630;3676;3806;4261;4345;4690;4775;4792;5133;5142;5175;5266;5292;5468;5692;5724;5806;5909;5987;6038;6376;6404;6421;7098;7186;7551;8342;8575;8741;8995;9021;10107;10148;10321;10385;10603;10739;10890;23376;26472;27347;29110;30835;51010;51561;51752;57007;60489;64005;64218;79908;84868;85480;96459;114836;115350;115362;115727;118460;130120;146850;149628;165918;169026;256987;259239;344167;692094,10107;10148;10321;10385;1051;10603;10739;10890;114836;115350;115362;115727;118460;130120;1326;146850;1493;149628;1521;165918;169026;1776;1967;23376;256987;259239;26472;27347;2794;2896;29110;3045;306;30835;3119;344167;3559;3572;3603;3623;3630;3676;3806;4261;4345;4690;4775;4792;51010;5133;5142;51561;5175;51752;5266;5292;5468;566;5692;57007;5724;5806;5909;5987;6038;60489;6376;640;64005;6404;6421;64218;671;692094;7098;713;7186;728;7551;79908;8342;84868;85480;8575;867;8741;8995;9021;96459;972
immune_biased,BP,GO:0006955,immune response,2.4239793649677807e-50,3.4553825847615715e-47,True,66,120,361,6000,0.55,0.06016666666666667,9.141274238227147,306;566;671;713;728;867;972;1051;1493;1521;1776;2794;2896;3119;3559;3572;3603;3676;3806;4261;4345;4690;5133;5175;5266;5292;5468;5692;5724;5806;5909;5987;6038;6376;7098;8342;8575;8741;8995;9021;10107;10148;10321;10739;26472;29110;30835;51010;51561;57007;60489;64005;64218;84868;85480;114836;115350;115362;115727;118460;130120;146850;165918;169026;256987;259239,10107;10148;10321;1051;10739;114836;115350;115362;115727;118460;130120;146850;1493;1521;165918;169026;1776;256987;259239;26472;2794;2896;29110;306;30835;3119;3559;3572;3603;3676;3806;4261;4345;4690;51010;5133;51561;5175;5266;5292;5468;566;5692;57007;5724;5806;5909;5987;6038;60489;6376;64005;64218;671;7098;713;728;8342;84868;85480;8575;867;8741;8995;9021;972
immune_biased,BP,GO:0002682,regulation of immune system process,1.3853513433255095e-30,1.3165455599403425e-27,True,55,120,460,6000,0.4583333333333333,0.07666666666666666,5.978260869565218,640;671;713;728;867;972;1051;1326;1493;1776;1967;2896;3119;3559;3572;3603;3623;3630;3676;3806;4345;4690;4792;5133;5142;5292;5468;5595;5692;6376;6421;7098;7186;8741;8995;10107;10148;10385;10603;23376;27347;29110;30835;51561;51752;64005;79908;84868;85480;114836;115362;115727;130120;146850;149628,10107;10148;10385;1051;10603;114836;115362;115727;130120;1326;146850;1493;149628;1776;1967;23376;27347;2896;29110;30835;3119;3559;3572;3603;3623;3630;3676;3806;4345;4690;4792;5133;5142;51561;51752;5292;5468;5595;5692;6376;640;64005;6421;671;7098;713;7186;728;79908;84868;85480;867;8741;8995;972
immune_biased,BP,GO:0009605,response to external stimulus,5.615865982865109e-20,1.778981546349825e-17,True,45,120,481,6000,0.375,0.08016666666666666,4.677754677754678,306;566;671;728;972;1051;3603;4261;4345;4690;5142;5175;5266;5292;5468;5595;5692;5724;5806;5987;6038;6376;7098;8342;8575;10107;10321;10739;26472;29110;51561;51752;57007;60489;64218;84868;85480;115362;115727;130120;169026;256987;259239;388552;692094,10107;10321;1051;10739;115362;115727;130120;169026;256987;259239;26472;29110;306;3603;388552;4261;4345;4690;5142;51561;5175;51752;5266;5292;5468;5595;566;5692;57007;5724;5806;5987;6038;60489;6376;64218;671;692094;7098;728;8342;84868;85480;8575;972
immune_biased,BP,GO:0006952,defense response,2.655259409724863e-24,9.46268072140698e-22,True,44,120,359,6000,0.36666666666666664,0.059833333333333336,6.128133704735375,306;566;671;728;972;1051;2896;3559;3572;3630;4261;4345;4690;4775;5266;5292;5468;5692;5724;5806;5987;6038;6376;7098;7186;8342;8575;10107;10321;10739;26472;27347;29110;51561;60489;79807;84868;85480;115362;115727;130120;169026;256987;259239,10107;10321;1051;10739;115362;115727;130120;169026;256987;259239;26472;27347;2896;29110;306;3559;3572;3630;4261;4345;4690;4775;51561;5266;5292;5468;566;5692;5724;5806;5987;6038;60489;6376;671;7098;7186;728;79807;8342;84868;85480;8575;972
immune_biased,BP,GO:0050776,regulation of immune response,1.2664666157795186e-27,9.026740803968519e-25,True,43,120,283,6000,0.35833333333333334,0.04716666666666667,7.597173144876325,640;713;728;867;972;1493;1967;2896;3119;3572;3630;3806;4345;4690;4792;5133;5142;5292;5468;5595;5692;6421;7098;7186;8741;8995;10107;10148;10385;10603;23376;29110;51561;51752;64005;79908;84868;114836;115362;115727;130120;146850;149628,10107;10148;10385;10603;114836;115362;115727;130120;146850;1493;149628;1967;23376;2896;29110;3119;3572;3630;3806;4345;4690;4792;5133;5142;51561;51752;5292;5468;5595;5692;640;64005;6421;7098;713;7186;728;79908;84868;867;8741;8995;972
immune_biased,BP,GO:0002684,positive regulation of immune system process,1.6233709237664716e-24,6.611757862368873e-22,True,41,120,298,6000,0.3416666666666667,0.049666666666666665,6.879194630872484,640;713;728;972;1326;1493;1967;3119;3559;3572;3603;3676;4345;4690;4792;5142;5595;6376;6421;7098;7186;8741;8995;10107;10148;10385;10603;27347;29110;30835;51561;64005;79908;84868;85480;114836;115362;115727;130120;146850;149628,10107;10148;10385;10603;114836;115362;115727;130120;1326;146850;1493;149628;1967;27347;29110;30835;3119;3559;3572;3603;3676;4345;4690;4792;5142;51561;5595;6376;640;64005;6421;7098;713;7186;728;79908;84868;85480;8741;8995;972
immune_biased,BP,GO:0044419,biological process involved in interspecies interaction between organisms,1.327042226115725e-18,2.702426704754237e-16,True,39,120,379,6000,0.325,0.06316666666666666,5.145118733509236,306;566;671;867;972;1051;4261;4345;4690;5142;5266;5292;5468;5692;5724;5806;5987;6038;6376;7098;8342;8575;10107;10321;10739;26472;29110;30835;51561;51752;60489;84868;85480;115362;115727;130120;169026;256987;259239,10107;10321;1051;10739;115362;115727;130120;169026;256987;259239;26472;29110;306;30835;4261;4345;4690;5142;51561;51752;5266;5292;5468;566;5692;5724;5806;5987;6038;60489;6376;671;7098;8342;84868;85480;8575;867;972
immune_biased,BP,GO:0032101,regulation of response to external stimulus,2.690712139599874e-19,7.671220309999241e-17,True,37,120,321,6000,0.30833333333333335,0.0535,5.7632398753894085,566;728;972;1051;1326;1776;2896;3572;3603;3630;4345;4792;5133;5292;5468;5595;5692;6376;6421;7098;7186;8995;10107;23376;27347;29110;51561;51752;60489;84868;85480;114836;115362;115727;130120;146850;149628,10107;1051;114836;115362;115727;130120;1326;146850;149628;1776;23376;27347;2896;29110;3572;3603;3630;4345;4792;5133;51561;51752;5292;5468;5595;566;5692;60489;6376;6421;7098;7186;728;84868;85480;8995;972
immune_biased,BP,GO:0043207,response to external biotic stimulus,1.0594818741582286e-18,2.3235252486347e-16,True,37,120,334,6000,0.30833333333333335,0.05566666666666667,5.538922155688622,306;566;671;972;1051;4261;4345;4690;5142;5266;5292;5468;5692;5724;5806;5987;6038;6376;7098;8342;8575;10107;10321;10739;26472;29110;51561;51752;60489;84868;85480;115362;115727;130120;169026;256987;259239,10107;10321;1051;10739;115362;115727;130120;169026;256987;259239;26472;29110;306;4261;4345;4690;5142;51561;51752;5266;5292;5468;566;5692;5724;5806;5987;6038;60489;6376;671;7098;8342;84868;85480;8575;972
immune_biased,BP,GO:0051707,response to other organism,1.0594818741582286e-18,2.3235252486347e-16,True,37,120,334,6000,0.30833333333333335,0.05566666666666667,5.538922155688622,306;566;671;972;1051;4261;4345;4690;5142;5266;5292;5468;5692;5724;5806;5987;6038;6376;7098;8342;8575;10107;10321;10739;26472;29110;51561;51752;60489;84868;85480;115362;115727;130120;169026;256987;259239,10107;10321;1051;10739;115362;115727;130120;169026;256987;259239;26472;29110;306;4261;4345;4690;5142;51561;51752;5266;5292;5468;566;5692;5724;5806;5987;6038;60489;6376;671;7098;8342;84868;85480;8575;972
immune_biased,BP,GO:0001775,cell activation,1.2828376294699318e-25,6.095616802697958e-23,True,35,120,185,6000,0.2916666666666667,0.030833333333333334,9.45945945945946,306;566;728;867;972;1051;1776;2896;3572;3630;3676;4690;4775;5175;5692;6376;6404;7186;7551;8995;9021;10148;27347;29110;30835;51010;64218;79908;84868;96459;114836;115350;118460;165918;388552,10148;1051;114836;115350;118460;165918;1776;27347;2896;29110;306;30835;3572;3630;3676;388552;4690;4775;51010;5175;566;5692;6376;6404;64218;7186;728;7551;79908;84868;867;8995;9021;96459;972
immune_biased,BP,GO:0045321,leukocyte activation,3.001519553688988e-27,1.7114664495134607e-24,True,34,120,154,6000,0.2833333333333333,0.025666666666666667,11.038961038961038,306;566;728;867;972;1051;1776;2896;3572;3630;3676;4690;4775;5175;5692;6376;6404;7186;7551;8995;9021;10148;27347;29110;30835;51010;64218;79908;84868;96459;114836;115350;118460;165918,10148;1051;114836;115350;118460;165918;1776;27347;2896;29110;306;30835;3572;3630;3676;4690;4775;51010;5175;566;5692;6376;6404;64218;7186;728;7551;79908;84868;867;8995;9021;96459;972
immune_biased,BP,GO:0031347,regulation of defense response,1.0010630074943253e-18,2.3235252486347e-16,True,33,120,255,6000,0.275,0.0425,6.470588235294118,1051;1326;1776;2896;3572;3603;3630;4345;4792;5133;5292;5468;5595;5692;6376;6421;7098;7186;8995;10107;23376;29110;51561;51752;60489;84868;85480;114836;115362;115727;130120;146850;149628,10107;1051;114836;115362;115727;130120;1326;146850;149628;1776;23376;2896;29110;3572;3603;3630;4345;4792;5133;51561;51752;5292;5468;5595;5692;60489;6376;6421;7098;7186;84868;85480;8995
immune_biased,BP,GO:0140546,defense response to symbiont,2.592952243130382e-18,4.92833789677648e-16,True,30,120,209,6000,0.25,0.034833333333333334,7.177033492822966,566;671;972;4261;4345;4690;5266;5292;5468;5692;5806;5987;6038;6376;7098;8342;8575;10107;10321;10739;26472;29110;60489;85480;115362;115727;130120;169026;256987;259239,10107;10321;10739;115362;115727;130120;169026;256987;259239;26472;29110;4261;4345;4690;5266;5292;5468;566;5692;5806;5987;6038;60489;6376;671;7098;8342;85480;8575;972
