gene,entrez_id,included
306,306,True
463,463,True
566,566,True
640,640,True
671,671,True
713,713,True
728,728,True
867,867,True
972,972,True
1051,1051,True
1326,1326,True
1493,1493,True
1521,1521,True
1776,1776,True
1967,1967,True
2674,2674,True
2794,2794,True
2896,2896,True
3045,3045,True
3119,3119,True
3559,3559,True
3572,3572,True
3603,3603,True
3623,3623,True
3630,3630,True
3676,3676,True
3806,3806,True
4261,4261,True
4345,4345,True
4690,4690,True
4775,4775,True
4792,4792,True
5133,5133,True
5142,5142,True
5175,5175,True
5266,5266,True
5292,5292,True
5298,5298,True
5468,5468,True
5595,5595,True
5692,5692,True
5724,5724,True
5806,5806,True
5909,5909,True
5987,5987,True
6038,6038,True
6376,6376,True
6404,6404,True
6421,6421,True
6838,6838,True
7098,7098,True
7186,7186,True
7551,7551,True
7554,7554,True
8342,8342,True
8575,8575,True
8698,8698,True
8741,8741,True
8818,8818,True
8995,8995,True
9021,9021,True
9533,9533,True
9770,9770,True
10107,10107,True
10148,10148,True
10321,10321,True
10385,10385,True
10603,10603,True
10739,10739,True
10743,10743,True
10890,10890,True
23376,23376,True
25926,25926,True
26472,26472,True
27347,27347,True
29110,29110,True
30835,30835,True
51010,51010,True
51290,51290,True
51561,51561,True
51752,51752,True
55863,55863,True
56342,56342,True
57007,57007,True
60489,60489,True
64005,64005,True
64218,64218,True
79269,79269,True
79807,79807,True
79908,79908,True
84694,84694,True
84868,84868,True
84929,84929,True
85480,85480,True
90987,90987,True
96459,96459,True
113230,113230,True
114836,114836,True
115350,115350,True
115362,115362,True
115727,115727,True
118460,118460,True
124411,124411,True
130120,130120,True
134266,134266,True
146850,146850,True
149628,149628,True
165918,165918,True
169026,169026,True
203522,203522,True
256987,256987,True
259239,259239,True
338398,338398,True
344167,344167,True
388552,388552,True
390265,390265,True
441521,441521,True
692094,692094,True
117134596,117134596,True
124902602,124902602,True
